{"cdfstats": [0.34480752632487488, 1.0132188823585678e-186], "linearcdfstats": [0.32396202313136546, 7.0788784144755034e-165]}
{"cdfstats": [0.1235144571034007, 1.0702107009566548e-43], "linearcdfstats": [0.11581450313596869, 1.8048597857834246e-38]}
{"cdfstats": [0.090971862592784392, 1.3274358147398591e-32], "linearcdfstats": [0.10491452327521722, 3.1895917553624852e-43]}
{"cdfstats": [0.090971862592784392, 6.1984531748200567e-40], "linearcdfstats": [0.097319365325968077, 1.2205124024373241e-45]}
{"cdfstats": [0.098966799010299811, 1.3662109637155774e-54], "linearcdfstats": [0.090971862592784392, 3.4154402700959483e-46]}
{"cdfstats": [0.090971862592784392, 1.3405641598235116e-51], "linearcdfstats": [0.10619245928994758, 3.7232144108853277e-70]}
{"cdfstats": [0.090971862592784392, 2.5739945043118764e-56], "linearcdfstats": [0.1395138878613762, 7.1085893094519755e-132]}
{"cdfstats": [0.090971862592784392, 1.8171084909991766e-60], "linearcdfstats": [0.15775495928994765, 5.5991856796900935e-181]}
{"cdfstats": [0.090971862592784392, 4.7365527853539108e-63], "linearcdfstats": [0.15000863110650786, 1.0436090484041655e-170]}
