{"cdfstats": [0.31951219863053115, 2.1707903130920305e-160], "linearcdfstats": [0.32613752229702514, 4.3040279627301584e-167]}
{"cdfstats": [0.1213677426779447, 3.3154369433329951e-42], "linearcdfstats": [0.11751219863053108, 1.3579899554132726e-39]}
{"cdfstats": [0.091230910869440129, 8.6995068676580564e-33], "linearcdfstats": [0.090971862592784392, 1.3274358147398591e-32]}
{"cdfstats": [0.098980910869440136, 3.3842114251745025e-47], "linearcdfstats": [0.098480910869440136, 1.0018327762092998e-46]}
{"cdfstats": [0.098730910869440136, 2.4741036589470394e-54], "linearcdfstats": [0.096230910869440134, 1.227102913938759e-51]}
{"cdfstats": [0.10373091086944013, 5.8364455423120475e-67], "linearcdfstats": [0.10506424420277347, 1.10842770695766e-68]}
{"cdfstats": [0.10701662515515442, 9.0613259818234903e-78], "linearcdfstats": [0.1048023394408687, 1.3326892829159999e-74]}
{"cdfstats": [0.11302339749122504, 4.2009709534349116e-93], "linearcdfstats": [0.10996089749122503, 3.7820212125849024e-88]}
{"cdfstats": [0.10650785430692214, 2.8763594239503408e-86], "linearcdfstats": [0.11162897750158236, 1.0125982688679453e-94]}
