{"cdfstats": [0.31963752229702519, 1.6259462449049785e-160], "linearcdfstats": [0.4445827723114103, 3.9091905368896474e-310]}
{"cdfstats": [0.13262792738362389, 2.5605777483744827e-50], "linearcdfstats": [0.49714609586282293, 0.0]}
{"cdfstats": [0.090971862592784392, 1.3274358147398591e-32], "linearcdfstats": [0.54766053858104613, 0.0]}
{"cdfstats": [0.090971862592784392, 6.1984531748200567e-40], "linearcdfstats": [0.48782896023936934, 0.0]}
{"cdfstats": [0.090971862592784392, 3.4154402700959483e-46], "linearcdfstats": [0.51627330686460671, 0.0]}
{"cdfstats": [0.090971862592784392, 1.3405641598235116e-51], "linearcdfstats": [0.55316071120317623, 0.0]}
{"cdfstats": [0.090971862592784392, 2.5739945043118764e-56], "linearcdfstats": [0.52704166358412863, 0.0]}
{"cdfstats": [0.090971862592784392, 1.8171084909991766e-60], "linearcdfstats": [0.51951487786984285, 0.0]}
{"cdfstats": [0.090971862592784392, 4.7365527853539108e-63], "linearcdfstats": [0.52379308360665178, 0.0]}
