{"cdfstats": [0.19159790551815409, 6.0194480621646547e-58], "linearcdfstats": [0.21398780136946891, 3.5503208780802179e-72]}
{"cdfstats": [0.22373780136946891, 2.0652438343164876e-142], "linearcdfstats": [0.21787207261637612, 4.5948410558945465e-135]}
{"cdfstats": [0.20945540594970943, 5.2599002227915707e-171], "linearcdfstats": [0.21878873928304277, 1.5141880407518153e-186]}
{"cdfstats": [0.17440505782841359, 1.2325207990976617e-145], "linearcdfstats": [0.19303005782841359, 2.6319417435889283e-178]}
{"cdfstats": [0.17769790551815409, 4.7339473925971206e-175], "linearcdfstats": [0.19310505782841358, 1.2046939843869914e-206]}
{"cdfstats": [0.20726457218482075, 4.6488004074874102e-266], "linearcdfstats": [0.2119312388514874, 3.7232716645735604e-278]}
{"cdfstats": [0.21269350118780467, 6.1185469050525871e-306], "linearcdfstats": [0.22288361980386837, 0.0]}
{"cdfstats": [0.20641040551815409, 1.581881066118494e-309], "linearcdfstats": [0.21997290551815407, 0.0]}
{"cdfstats": [0.18631681914954829, 4.09438938375706e-263], "linearcdfstats": [0.19840036826054433, 2.7163771278477317e-298]}
