{"cdfstats": [0.31499743943840264, 6.6884475020897709e-156], "linearcdfstats": [0.33114615340353298, 2.9882117895445941e-172]}
{"cdfstats": [0.34399743943840261, 0.0], "linearcdfstats": [0.34839615340353297, 0.0]}
{"cdfstats": [0.3301641061050693, 0.0], "linearcdfstats": [0.33414615340353293, 0.0]}
{"cdfstats": [0.3248724394384026, 0.0], "linearcdfstats": [0.34252115340353295, 0.0]}
{"cdfstats": [0.31869743943840262, 0.0], "linearcdfstats": [0.34614615340353294, 0.0]}
{"cdfstats": [0.32558077277173597, 0.0], "linearcdfstats": [0.33614615340353293, 0.0]}
{"cdfstats": [0.33071172515268832, 0.0], "linearcdfstats": [0.34364615340353294, 0.0]}
{"cdfstats": [0.32462243943840263, 0.0], "linearcdfstats": [0.33883365340353294, 0.0]}
{"cdfstats": [0.28632257322055349, 0.0], "linearcdfstats": [0.31871799298003334, 0.0]}
