{"cdfstats": [0.090971862592784392, 4.7365527853539108e-63], "linearcdfstats": [0.10702572069739336, 4.1883568681368033e-87]}
