{"cdfstats": [0.35959543649859549, 3.1417995378478849e-201], "linearcdfstats": [0.36243768602650017, 2.0432345416862322e-204]}
{"cdfstats": [0.34898937589253487, 0.0], "linearcdfstats": [0.35944896923664399, 0.0]}
{"cdfstats": [0.34764257454573355, 0.0], "linearcdfstats": [0.36353505711351386, 0.0]}
{"cdfstats": [0.34808533287300758, 0.0], "linearcdfstats": [0.35187680795526466, 0.0]}
{"cdfstats": [0.33946670223728748, 0.0], "linearcdfstats": [0.35894391873159348, 0.0]}
{"cdfstats": [0.34271611591596135, 0.0], "linearcdfstats": [0.35290044383448671, 0.0]}
{"cdfstats": [0.35044507122762369, 0.0], "linearcdfstats": [0.3575152681831103, 0.0]}
{"cdfstats": [0.34521420227644212, 0.0], "linearcdfstats": [0.35415870787037729, 0.0]}
{"cdfstats": [0.31458259026623703, 0.0], "linearcdfstats": [0.31799311035205485, 0.0]}
