{"cdfstats": [0.50000500000000003, 0.0], "linearcdfstats": [0.50000500000000003, 0.0]}
{"cdfstats": [0.50000299999999998, 0.0], "linearcdfstats": [0.50000299999999998, 0.0]}
{"cdfstats": [0.5, 0.0], "linearcdfstats": [0.5, 0.0]}
{"cdfstats": [0.5, 0.0], "linearcdfstats": [0.5, 0.0]}
{"cdfstats": [0.5, 0.0], "linearcdfstats": [0.5, 0.0]}
