{"cdfstats": [0.19028983072748418, 1.6451954355966085e-28], "linearcdfstats": [0.21432885385708747, 4.7010244016073091e-36]}
{"cdfstats": [0.17732885385708749, 4.2159976124879085e-44], "linearcdfstats": [0.17832885385708749, 1.3517956323585531e-44]}
{"cdfstats": [0.19199552052375415, 5.188815513679521e-70], "linearcdfstats": [0.1876621871904208, 6.6180062235587074e-67]}
{"cdfstats": [0.19482885385708745, 8.7892305826551921e-88], "linearcdfstats": [0.20014688590257138, 1.2878965370215636e-92]}
{"cdfstats": [0.1969288538570875, 3.3841229182355546e-103], "linearcdfstats": [0.20192885385708745, 1.7558137275185505e-108]}
{"cdfstats": [0.19766218719042081, 1.333824097226647e-115], "linearcdfstats": [0.19582885385708745, 1.7853489430377007e-113]}
{"cdfstats": [0.19361456814280179, 1.3935616422815816e-120], "linearcdfstats": [0.19461456814280179, 7.9382345040740406e-122]}
{"cdfstats": [0.1909807468665202, 1.708113716802017e-123], "linearcdfstats": [0.18839643364775813, 3.472631506399142e-120]}
{"cdfstats": [0.99702803979842358, 0.0]}
