{"cdfstats": [0.23332885385708749, 1.1892973245452426e-42], "linearcdfstats": [0.25632885385708748, 2.1894390494667048e-51]}
{"cdfstats": [0.20989688590257141, 1.2842604156169778e-61], "linearcdfstats": [0.19482885385708745, 3.7934046473787262e-53]}
{"cdfstats": [0.20256355256923805, 6.9788513404689767e-78], "linearcdfstats": [0.19932885385708746, 1.9853271731176598e-75]}
{"cdfstats": [0.19807885385708748, 1.0120029346496072e-90], "linearcdfstats": [0.20378983072748419, 5.2884826752028949e-96]}
{"cdfstats": [0.18852885385708748, 1.2879589745605838e-94], "linearcdfstats": [0.19572885385708746, 5.9995957661389328e-102]}
{"cdfstats": [0.21649552052375412, 1.3535415896400957e-138], "linearcdfstats": [0.21499552052375412, 1.095136213958085e-136]}
{"cdfstats": [0.21175742528565891, 3.7169858286682175e-144], "linearcdfstats": [0.20332885385708746, 6.085638429636796e-133]}
{"cdfstats": [0.20803721411035017, 1.855338524182799e-146], "linearcdfstats": [0.20752035146659772, 9.8435017155462636e-146]}
