{"cdfstats": [0.28732885385708751, 1.856808357335135e-64], "linearcdfstats": [0.35209923762760043, 1.4006358880878097e-96]}
{"cdfstats": [0.28282885385708745, 1.571252526303168e-111], "linearcdfstats": [0.31106964724124564, 7.9545617454750484e-135]}
{"cdfstats": [0.25266218719042077, 6.1930115632854691e-121], "linearcdfstats": [0.34676590429426712, 2.0330969375782069e-227]}
{"cdfstats": [0.24607885385708747, 8.7173844644826575e-140], "linearcdfstats": [0.34656964724124562, 7.5688855623920375e-277]}
{"cdfstats": [0.23312885385708745, 1.8758827654047067e-144], "linearcdfstats": [0.3718696472412456, 0.0]}
{"cdfstats": [0.23216218719042078, 2.5744424398269018e-159], "linearcdfstats": [0.36476590429426714, 0.0]}
{"cdfstats": [0.23575742528565888, 1.392550202364788e-178], "linearcdfstats": [0.37150316578369302, 0.0]}
{"cdfstats": [0.22703191626825173, 2.4221488321054869e-174], "linearcdfstats": [0.38868070810182198, 0.0]}
