{"cdfstats": [0.37378653572813031, 8.6371236128471503e-109], "linearcdfstats": [0.40666080889003747, 1.0888350018747192e-128]}
{"cdfstats": [0.4207865357281303, 2.3574912572751738e-246], "linearcdfstats": [0.45066080889003751, 1.6324216056112065e-282]}
{"cdfstats": [0.35945320239479694, 2.4779411762383514e-244], "linearcdfstats": [0.38699414222337081, 3.8586754568801018e-283]}
{"cdfstats": [0.44653653572813029, 0.0], "linearcdfstats": [0.48968025584700869, 0.0]}
{"cdfstats": [0.36898653572813028, 0.0], "linearcdfstats": [0.4174608088900375, 0.0]}
{"cdfstats": [0.40145320239479698, 0.0], "linearcdfstats": [0.4371802558470087, 0.0]}
{"cdfstats": [0.44607225001384454, 0.0], "linearcdfstats": [0.47703739870415157, 0.0]}
{"cdfstats": [0.40819227290347593, 0.0], "linearcdfstats": [0.43855795322393076, 0.0]}
