{"cdfstats": [0.25406124822328469, 1.7297736501412278e-50], "linearcdfstats": [0.45531438170306243, 3.2323838904163078e-161]}
{"cdfstats": [0.28581438170306245, 6.8902063021039825e-114], "linearcdfstats": [0.45631438170306243, 1.2325469368083445e-289]}
{"cdfstats": [0.275394581556618, 1.3540157034064212e-143], "linearcdfstats": [0.45731438170306243, 0.0]}
{"cdfstats": [0.27331438170306244, 2.4262803083757585e-172], "linearcdfstats": [0.44431438170306248, 0.0]}
{"cdfstats": [0.26931438170306243, 1.2363910034692112e-192], "linearcdfstats": [0.44931438170306248, 0.0]}
{"cdfstats": [0.28322791488995136, 6.6874267611913121e-237], "linearcdfstats": [0.45664771503639578, 0.0]}
{"cdfstats": [0.27520410536614182, 3.4517380362264924e-243], "linearcdfstats": [0.46031438170306244, 0.0]}
{"cdfstats": [0.25868975319808762, 3.1610911407890805e-226], "linearcdfstats": [0.42912520997544906, 0.0]}
