{"cdfstats": [0.1909807468665202, 1.708113716802017e-123], "linearcdfstats": [0.19925054916655896, 2.2059307480798881e-134]}
