{"cdfstats": [0.30292003227974945, 7.991476790692977e-66], "linearcdfstats": [0.44781812462161064, 2.3657072038320573e-143]}
{"cdfstats": [0.31227096737325882, 6.4609160173470752e-126], "linearcdfstats": [0.47422076488563708, 7.8282187928837652e-290]}
{"cdfstats": [0.30108651559474764, 4.5440791756226152e-160], "linearcdfstats": [0.48888889836565175, 0.0]}
{"cdfstats": [0.31282102237875936, 1.0072887111272609e-211], "linearcdfstats": [0.47229557236638514, 0.0]}
{"cdfstats": [0.31942168244476599, 2.4140579889435884e-255], "linearcdfstats": [0.47598094090323884, 0.0]}
{"cdfstats": [0.30402014229075058, 2.2120095094895354e-258], "linearcdfstats": [0.48228823829964512, 0.0]}
{"cdfstats": [0.31737862099576392, 3.3298168450221609e-307], "linearcdfstats": [0.45991933474262275, 0.0]}
{"cdfstats": [0.2931558201502853, 5.5603162788505328e-278], "linearcdfstats": [0.44717559345776492, 0.0]}
