{"cdfstats": [0.092896885902571391, 4.0522213811116444e-07], "linearcdfstats": [0.20692402119136843, 1.2346429000434408e-33]}
{"cdfstats": [0.1038968859025714, 2.0321980930607e-15], "linearcdfstats": [0.21192402119136838, 8.3364673718428642e-63]}
{"cdfstats": [0.082230219235904733, 3.4401168374685556e-13], "linearcdfstats": [0.20559068785803508, 3.2465638110341958e-80]}
{"cdfstats": [0.095896885902571394, 1.3705443674637239e-21], "linearcdfstats": [0.20742402119136844, 1.9233376251408777e-99]}
{"cdfstats": [0.091296885902571401, 1.6312765922967097e-22], "linearcdfstats": [0.21092402119136838, 2.5294883283538817e-118]}
{"cdfstats": [0.095563552569238069, 2.3962867277217893e-27], "linearcdfstats": [0.20459068785803508, 8.1140913112481924e-124]}
{"cdfstats": [0.088039743045428553, 2.8611036759033297e-25], "linearcdfstats": [0.20578116404851127, 3.7026480041523363e-136]}
{"cdfstats": [0.089546453030107248, 1.7578017411124626e-27], "linearcdfstats": [0.207778782788474, 4.2757444640328699e-146]}
