{"cdfstats": [0.21032885385708747, 9.7646879814571489e-35], "linearcdfstats": [0.22532885385708748, 8.3403950094060404e-40]}
{"cdfstats": [0.19882885385708746, 2.4657675033572048e-55], "linearcdfstats": [0.21239688590257141, 4.3882875939935141e-63]}
{"cdfstats": [0.21832885385708747, 2.0786071716165258e-90], "linearcdfstats": [0.18962316406081747, 2.6551899570882818e-68]}
{"cdfstats": [0.20057885385708749, 5.1464479449790737e-93], "linearcdfstats": [0.20232885385708746, 1.2269278157092778e-94]}
{"cdfstats": [0.21032885385708747, 1.1680001694508176e-117], "linearcdfstats": [0.20212885385708748, 1.0723182042133922e-108]}
{"cdfstats": [0.19956355256923805, 7.9181767953254786e-118], "linearcdfstats": [0.20466218719042081, 6.65242714036599e-124]}
{"cdfstats": [0.19990028242851607, 1.6431366778600904e-128], "linearcdfstats": [0.19647171099994462, 3.7297806047100055e-124]}
{"cdfstats": [0.19446956971184909, 4.954876278224294e-128], "linearcdfstats": [0.19679545160873499, 4.2112408011508399e-131]}
