{"cdfstats": [0.080069647241245656, 2.1306586509286043e-05], "linearcdfstats": [0.62289882413748543, 2.3129474874936408e-301]}
{"cdfstats": [0.066984687944178833, 1.1719291451689559e-06], "linearcdfstats": [0.66298313735624759, 0.0]}
{"cdfstats": [0.052920963087392851, 1.0332494412381822e-05], "linearcdfstats": [0.63781647068958092, 0.0]}
{"cdfstats": [0.054819647241245661, 2.4259732419126247e-07], "linearcdfstats": [0.6467331373562476, 0.0]}
{"cdfstats": [0.051852978420984686, 1.4988318481933349e-07], "linearcdfstats": [0.65568313735624761, 0.0]}
{"cdfstats": [0.059402980574578934, 7.9193722535998125e-11], "linearcdfstats": [0.64264980402291427, 0.0]}
{"cdfstats": [0.060355361526959861, 4.2145706318453027e-12], "linearcdfstats": [0.65462599449910475, 0.0]}
{"cdfstats": [0.06551234009561957, 6.5995571510174902e-15], "linearcdfstats": [0.64982555885773352, 0.0]}
