{"cdfstats": [0.28506124822328471, 1.8856754646951814e-63], "linearcdfstats": [0.4115663522418917, 8.3907836247885393e-132]}
{"cdfstats": [0.25856124822328469, 2.7832532899230473e-93], "linearcdfstats": [0.4100663522418917, 5.5417382834395483e-234]}
{"cdfstats": [0.33072791488995135, 6.5997824723431641e-207], "linearcdfstats": [0.40756635224189169, 5.3689432249060327e-314]}
{"cdfstats": [0.25581124822328472, 5.0003410323247345e-151], "linearcdfstats": [0.36456635224189171, 2.6638589795105845e-306]}
{"cdfstats": [0.28626124822328469, 1.3842491259147979e-217], "linearcdfstats": [0.38096635224189168, 0.0]}
{"cdfstats": [0.31022791488995138, 3.890058767612012e-284], "linearcdfstats": [0.39906635224189169, 0.0]}
{"cdfstats": [0.26991839108042753, 5.9395203640957996e-234], "linearcdfstats": [0.38070920938474884, 0.0]}
{"cdfstats": [0.33350562088125085, 0.0], "linearcdfstats": [0.39979325494249901, 0.0]}
