{"cdfstats": [0.29830572425377955, 1.9179775123342356e-69], "linearcdfstats": [0.26687827884739629, 1.1464540610069416e-55]}
{"cdfstats": [0.3068057242537795, 3.6299081984313619e-131], "linearcdfstats": [0.24937827884739627, 8.378040694576247e-87]}
{"cdfstats": [0.31063905758711285, 1.3856089955264584e-182], "linearcdfstats": [0.27187827884739629, 5.8119828821314921e-140]}
{"cdfstats": [0.29330572425377954, 2.0695387559751183e-198], "linearcdfstats": [0.28562827884739633, 3.507290783953513e-188]}
{"cdfstats": [0.31150572425377954, 1.4161272874350543e-257], "linearcdfstats": [0.27847827884739634, 6.1534699047040723e-206]}
{"cdfstats": [0.31413905758711291, 2.4614389259326942e-291], "linearcdfstats": [0.2822116121807296, 3.3059747628418888e-235]}
{"cdfstats": [0.31159143853949389, 1.2533872511321343e-311], "linearcdfstats": [0.27130685027596774, 2.3176357591908779e-236]}
{"cdfstats": [0.28569582633415169, 7.8280165472003224e-276], "linearcdfstats": [0.2514536761855537, 9.0239562360495468e-214]}
