{"cdfstats": [0.045742343972089428, 1.7419331250318844e-07], "linearcdfstats": [0.27316190722315542, 3.3780761518179355e-252]}
