{"cdfstats": [0.098183271241045866, 1.388233791193151e-07], "linearcdfstats": [0.17419682694113958, 5.8529797214071488e-23]}
{"cdfstats": [0.090909121756985511, 1.8321067077537649e-11], "linearcdfstats": [0.19520523030248416, 2.556395227518032e-51]}
{"cdfstats": [0.10817083043065445, 9.5455860269084409e-22], "linearcdfstats": [0.20455128584055515, 1.1446561157083235e-76]}
{"cdfstats": [0.11475178431426358, 9.1987656955291223e-30], "linearcdfstats": [0.1922390136241614, 9.2483351719868714e-83]}
{"cdfstats": [0.094966399992791439, 1.2792091060095913e-23], "linearcdfstats": [0.1915718929095559, 8.2503688084191797e-95]}
{"cdfstats": [0.11167100543940489, 3.509575465774703e-36], "linearcdfstats": [0.20420126833968011, 5.5213496156735328e-120]}
{"cdfstats": [0.09752979432844433, 3.9059833883899764e-30], "linearcdfstats": [0.19271548552968754, 2.0085861662753052e-116]}
{"cdfstats": [0.10166887130163793, 1.5536656304304849e-34], "linearcdfstats": [0.18750035226754291, 1.9421389186699926e-116]}
