{"cdfstats": [0.18424535358766325, 1.2870963965384235e-53], "linearcdfstats": [0.47594907647160362, 0.0]}
{"cdfstats": [0.17959097186259276, 6.5911631653383524e-92], "linearcdfstats": [0.68342604580240518, 0.0]}
{"cdfstats": [0.20567820357903221, 6.5734855077879495e-165], "linearcdfstats": [0.71672570343518038, 0.0]}
{"cdfstats": [0.20343418062028884, 5.3497483775749831e-198], "linearcdfstats": [0.72122570343518033, 0.0]}
{"cdfstats": [0.20047850854479543, 1.075833006239373e-222], "linearcdfstats": [0.71232570343518042, 0.0]}
{"cdfstats": [0.32608083031244606, 0.0], "linearcdfstats": [0.75318054836296677, 0.0]}
{"cdfstats": [0.33901299187031964, 0.0], "linearcdfstats": [0.76659721502963352, 0.0]}
{"cdfstats": [0.34774912250417167, 0.0], "linearcdfstats": [0.77319245928994762, 0.0]}
{"cdfstats": [0.34886932504747104, 0.0], "linearcdfstats": [0.77501582369526445, 0.0]}
