{"cdfstats": [0.34166750100696242, 2.4170686964054519e-183], "linearcdfstats": [0.34102062834455382, 1.1892215474598395e-182]}
{"cdfstats": [0.13295927556246045, 1.4412185708119185e-50], "linearcdfstats": [0.15942604580240516, 1.6191526681869141e-72]}
{"cdfstats": [0.079524656194257429, 5.1473854707377932e-25], "linearcdfstats": [0.15389237010184709, 1.6522268575316819e-92]}
{"cdfstats": [0.073401885896771948, 3.7992195472187035e-26], "linearcdfstats": [0.15747570343518036, 8.1928740379965099e-119]}
{"cdfstats": [0.07762465619425743, 9.5082272832017617e-34], "linearcdfstats": [0.1520257034351804, 3.0704323477350156e-128]}
{"cdfstats": [0.084455549801484564, 1.5698963765087668e-44], "linearcdfstats": [0.19726388169630016, 4.8195523158463042e-241]}
{"cdfstats": [0.18793291164212966, 6.008650752869022e-239], "linearcdfstats": [0.41188292931534776, 0.0]}
{"cdfstats": [0.20294471776281719, 3.1034522297575723e-299], "linearcdfstats": [0.43412995928994758, 0.0]}
{"cdfstats": [0.19517808849761209, 1.0737773837216169e-288], "linearcdfstats": [0.42257897462454685, 0.0]}
