{"cdfstats": [0.43628180562748153, 1.1207090123946387e-298], "linearcdfstats": [0.18424535358766325, 1.2870963965384235e-53]}
{"cdfstats": [0.20979552908682897, 2.8800516390023608e-125], "linearcdfstats": [0.30593295068761156, 6.7385240382235927e-266]}
{"cdfstats": [0.18746193682030043, 4.6035534922779708e-137], "linearcdfstats": [0.31675047471085788, 0.0]}
{"cdfstats": [0.15467027015363377, 1.2417049839181109e-114], "linearcdfstats": [0.34802470654237877, 0.0]}
{"cdfstats": [0.14619527015363376, 1.2674824271713344e-118], "linearcdfstats": [0.34078505092352845, 0.0]}
{"cdfstats": [0.17822232291846479, 7.8328568326774408e-197], "linearcdfstats": [0.41262113757983776, 0.0]}
{"cdfstats": [0.17410007973498393, 3.9761905363675326e-205], "linearcdfstats": [0.42997850854479541, 0.0]}
{"cdfstats": [0.21730772052477132, 0.0], "linearcdfstats": [0.47546356594165368, 0.0]}
{"cdfstats": [0.22199205938201283, 0.0], "linearcdfstats": [0.47701248633408139, 0.0]}
