{"cdfstats": [0.53248167328384832, 0.0], "linearcdfstats": [0.51714431210081135, 0.0]}
{"cdfstats": [0.53273167328384829, 0.0], "linearcdfstats": [0.52489431210081139, 0.0]}
{"cdfstats": [0.44148167328384824, 0.0], "linearcdfstats": [0.44931097876747805, 0.0]}
{"cdfstats": [0.52698167328384826, 0.0], "linearcdfstats": [0.5312693121008113, 0.0]}
{"cdfstats": [0.54108167328384826, 0.0], "linearcdfstats": [0.54914431210081138, 0.0]}
{"cdfstats": [0.45739833995051493, 0.0], "linearcdfstats": [0.44439431210081137, 0.0]}
{"cdfstats": [0.49376738756956262, 0.0], "linearcdfstats": [0.47828716924366843, 0.0]}
{"cdfstats": [0.52885667328384833, 0.0], "linearcdfstats": [0.53501931210081133, 0.0]}
{"cdfstats": [0.48478048219115022, 0.0], "linearcdfstats": [0.47781805627481444, 0.0]}
