{"cdfstats": [0.64988627078658145, 0.0], "linearcdfstats": [0.65334449623108348, 0.0]}
{"cdfstats": [0.64663627078658148, 0.0], "linearcdfstats": [0.65384449623108343, 0.0]}
{"cdfstats": [0.65455293745324816, 0.0], "linearcdfstats": [0.64267782956441688, 0.0]}
{"cdfstats": [0.65451127078658144, 0.0], "linearcdfstats": [0.64946949623108341, 0.0]}
{"cdfstats": [0.65488627078658146, 0.0], "linearcdfstats": [0.65084449623108354, 0.0]}
{"cdfstats": [0.65196960411991478, 0.0], "linearcdfstats": [0.64592782956441686, 0.0]}
{"cdfstats": [0.64838627078658151, 0.0], "linearcdfstats": [0.64698735337394053, 0.0]}
{"cdfstats": [0.65869877078658146, 0.0], "linearcdfstats": [0.6479069962310835, 0.0]}
{"cdfstats": [0.60325680418896366, 0.0], "linearcdfstats": [0.59548880833189477, 0.0]}
