{"cdfstats": [0.33914494504862192, 0.0], "linearcdfstats": [0.74814431210081134, 0.0]}
