{"cdfstats": [0.55624518951118318, 0.0], "linearcdfstats": [0.55183990693217422, 0.0]}
{"cdfstats": [0.56724628962119417, 0.0], "linearcdfstats": [0.56064078702018305, 0.0]}
{"cdfstats": [0.56559612460469244, 0.0], "linearcdfstats": [0.56412446872168664, 0.0]}
{"cdfstats": [0.55803286827905996, 0.0], "linearcdfstats": [0.5632535482963108, 0.0]}
{"cdfstats": [0.5632858935815902, 0.0], "linearcdfstats": [0.55668039098057909, 0.0]}
{"cdfstats": [0.56671438658214146, 0.0], "linearcdfstats": [0.55112572789670722, 0.0]}
{"cdfstats": [0.56576891630045667, 0.0], "linearcdfstats": [0.5573564482146518, 0.0]}
{"cdfstats": [0.55921586471552032, 0.0], "linearcdfstats": [0.5647109293386432, 0.0]}
{"cdfstats": [0.51685117852003126, 0.0], "linearcdfstats": [0.5118655816925668, 0.0]}
