{"cdfstats": [0.3585973301110536, 6.4093063437370947e-202], "linearcdfstats": [0.36667984348926863, 4.1820859069464586e-211]}
{"cdfstats": [0.19754375970999483, 4.1190618414596661e-111], "linearcdfstats": [0.20328600609931535, 1.2200234733028852e-117]}
{"cdfstats": [0.13721042637666148, 1.2578841776790463e-73], "linearcdfstats": [0.24954318430289424, 1.5057926592553833e-242]}
{"cdfstats": [0.10632319178318661, 2.1536903876225903e-54], "linearcdfstats": [0.27537651763622761, 0.0]}
{"cdfstats": [0.1124731917831866, 2.1994357519969966e-70], "linearcdfstats": [0.27657651763622759, 0.0]}
{"cdfstats": [0.12095894470337765, 6.7626173746354956e-91], "linearcdfstats": [0.32880946832383906, 0.0]}
{"cdfstats": [0.15655001931723833, 6.1522866171809381e-166], "linearcdfstats": [0.37101782940001482, 0.0]}
{"cdfstats": [0.19400842971402266, 1.6884090174520323e-273], "linearcdfstats": [0.4064424592899476, 0.0]}
{"cdfstats": [0.20121986305311013, 8.0867747602277764e-307], "linearcdfstats": [0.40387824385752924, 0.0]}
