{"cdfstats": [0.34610153058288734, 4.0254080497780116e-188], "linearcdfstats": [0.32922449508026924, 2.9097190040253799e-170]}
{"cdfstats": [0.13836675010069627, 9.9357581576640544e-55], "linearcdfstats": [0.4890153777547615, 0.0]}
{"cdfstats": [0.16445109039645545, 1.4085428394934429e-105], "linearcdfstats": [0.54587651763622769, 0.0]}
{"cdfstats": [0.12189021232522013, 2.3615002206665432e-71], "linearcdfstats": [0.43687651763622759, 0.0]}
{"cdfstats": [0.13421128948731231, 4.8604897363628829e-100], "linearcdfstats": [0.4528765176362276, 0.0]}
{"cdfstats": [0.054512299326773594, 8.4383194244173161e-19], "linearcdfstats": [0.25211473617584446, 0.0]}
{"cdfstats": [0.03468788274847312, 1.4962110158849138e-08], "linearcdfstats": [0.34764718913631398, 0.0]}
{"cdfstats": [0.063814740491397681, 5.7051997267658072e-30], "linearcdfstats": [0.29184348926865755, 0.0]}
{"cdfstats": [0.071638184015190731, 2.9223507554945553e-39], "linearcdfstats": [0.29069566718453305, 0.0]}
