{"cdfstats": [0.35921373496748954, 1.2986899004344452e-202], "linearcdfstats": [0.38754128545946254, 9.2717006801652014e-236]}
{"cdfstats": [0.20050185568789913, 1.8839214015788331e-114], "linearcdfstats": [0.45746374935266709, 0.0]}
{"cdfstats": [0.14494435813337936, 4.121086948226921e-82], "linearcdfstats": [0.47943799988491853, 0.0]}
{"cdfstats": [0.10937685568789912, 1.5441547581456932e-57], "linearcdfstats": [0.51318799988491848, 0.0]}
{"cdfstats": [0.1171518556878991, 2.5174700998224752e-76], "linearcdfstats": [0.46453799988491851, 0.0]}
{"cdfstats": [0.077869339432648621, 6.4071726058572703e-38], "linearcdfstats": [0.50417442027734616, 0.0]}
{"cdfstats": [0.034608998545041958, 1.6289580294620354e-08], "linearcdfstats": [0.50626946725522592, 0.0]}
{"cdfstats": [0.028387389234133198, 2.8485180595353992e-06], "linearcdfstats": [0.50337868260544338, 0.0]}
{"cdfstats": [0.028022325795500347, 2.2848055789299251e-06], "linearcdfstats": [0.48765751769376842, 0.0]}
