{"cdfstats": [0.5234775015823695, 0.0], "linearcdfstats": [0.51187188560906838, 0.0]}
{"cdfstats": [0.51097750158236954, 0.0], "linearcdfstats": [0.49854292536969913, 0.0]}
{"cdfstats": [0.49664416824903623, 0.0], "linearcdfstats": [0.48970959203636577, 0.0]}
{"cdfstats": [0.50966188359514364, 0.0], "linearcdfstats": [0.50779292536969911, 0.0]}
{"cdfstats": [0.48857750158236957, 0.0], "linearcdfstats": [0.4927429253696991, 0.0]}
{"cdfstats": [0.50551293227458416, 0.0], "linearcdfstats": [0.4971262587030324, 0.0]}
{"cdfstats": [0.48290607301094102, 0.0], "linearcdfstats": [0.48268578251255623, 0.0]}
{"cdfstats": [0.49103688359514358, 0.0], "linearcdfstats": [0.49029292536969904, 0.0]}
{"cdfstats": [0.49346912940905691, 0.0], "linearcdfstats": [0.48598883710224983, 0.0]}
