{"cdfstats": [0.28766019333678583, 4.3694946133913472e-130], "linearcdfstats": [0.28680102422463893, 2.5929978800805167e-129]}
{"cdfstats": [0.28166019333678582, 1.9172962593834372e-225], "linearcdfstats": [0.28080102422463893, 4.5016938894544747e-224]}
{"cdfstats": [0.28416019333678577, 2.2029999128665566e-314], "linearcdfstats": [0.28330102422463899, 1.7324960680728468e-312]}
{"cdfstats": [0.28428519333678581, 0.0], "linearcdfstats": [0.28092602422463897, 0.0]}
{"cdfstats": [0.28486019333678581, 0.0], "linearcdfstats": [0.28100102422463891, 0.0]}
{"cdfstats": [0.2852435266701191, 0.0], "linearcdfstats": [0.28180102422463893, 0.0]}
{"cdfstats": [0.28373162190821433, 0.0], "linearcdfstats": [0.2854438813674961, 0.0]}
{"cdfstats": [0.28341019333678574, 0.0], "linearcdfstats": [0.28148852422463899, 0.0]}
{"cdfstats": [0.25628632257322059, 0.0], "linearcdfstats": [0.26048679440704303, 0.0]}
