{"cdfstats": [0.017664997986075154, 0.0087027489169232627], "linearcdfstats": [0.091317106853098573, 1.5820639642216933e-63]}
