{"cdfstats": [0.33102621240891567, 1.3700129970477272e-170], "linearcdfstats": [0.34485272193713418, 4.2149757005947922e-185]}
{"cdfstats": [0.35136920735056415, 0.0], "linearcdfstats": [0.34897106748479095, 0.0]}
{"cdfstats": [0.34975126720336464, 0.0], "linearcdfstats": [0.33466130317502657, 0.0]}
{"cdfstats": [0.34836237831447564, 0.0], "linearcdfstats": [0.33369328970701312, 0.0]}
{"cdfstats": [0.34682197427407163, 0.0], "linearcdfstats": [0.33715288566660911, 0.0]}
{"cdfstats": [0.33934226691964819, 0.0], "linearcdfstats": [0.34107717187521486, 0.0]}
{"cdfstats": [0.34161449219551249, 0.0], "linearcdfstats": [0.34278194882543206, 0.0]}
{"cdfstats": [0.34054832304681898, 0.0], "linearcdfstats": [0.35037329122461963, 0.0]}
{"cdfstats": [0.315274091262774, 0.0], "linearcdfstats": [0.30846144160931138, 0.0]}
