{"cdfstats": [0.046982814317095278, 0.038812267171994229], "linearcdfstats": [0.13478640651246931, 1.6230440475743701e-14]}
{"cdfstats": [0.049434164620752008, 0.000806885671875537], "linearcdfstats": [0.14978640651246933, 1.376209861866562e-31]}
{"cdfstats": [0.039767497954085351, 0.0020685929221572999], "linearcdfstats": [0.14278640651246932, 6.517918158913677e-39]}
{"cdfstats": [0.039684164620752027, 0.00047502246127497511], "linearcdfstats": [0.12353640651246933, 1.5095537812444437e-35]}
{"cdfstats": [0.051834164620752021, 1.5167796695527944e-07], "linearcdfstats": [0.13518640651246933, 7.41941413113951e-49]}
{"cdfstats": [0.036267497954085348, 0.00026518474228996681], "linearcdfstats": [0.12111973984580265, 1.1354915154236107e-43]}
{"cdfstats": [0.034449578203163966, 0.00031407272121317901], "linearcdfstats": [0.13450069222675504, 2.0664418163502879e-58]}
{"cdfstats": [0.0386354826204936, 1.838210271680192e-05], "linearcdfstats": [0.12986173924279623, 2.5042582625811419e-57]}
