{"cdfstats": [0.044328853857087486, 0.059829955460571634], "linearcdfstats": [0.16855989145884476, 1.8374414427396337e-22]}
{"cdfstats": [0.046129538700090456, 0.0022153599626582388], "linearcdfstats": [0.20018865486496962, 4.3484224431795707e-56]}
{"cdfstats": [0.042069647241245622, 0.0009120624117522439], "linearcdfstats": [0.23532747555670419, 5.7609767425629084e-105]}
{"cdfstats": [0.040569647241245677, 0.00032596363192296775], "linearcdfstats": [0.21716080889003753, 5.8866411410831463e-109]}
{"cdfstats": [0.049069647241245629, 8.320612936864025e-07], "linearcdfstats": [0.21426080889003751, 4.3981279294385805e-122]}
{"cdfstats": [0.043569647241245679, 5.0695169746118622e-06], "linearcdfstats": [0.22632747555670418, 1.9806378423806597e-151]}
{"cdfstats": [0.041641075812674178, 5.5342086040782944e-06], "linearcdfstats": [0.24781352334188622, 2.8629157571720544e-197]}
{"cdfstats": [0.053366067967437592, 4.9157248811433314e-10], "linearcdfstats": [0.2456389714433389, 5.1082818606220201e-204]}
