{"cdfstats": [0.073759271223672318, 0.0001206167044637286], "linearcdfstats": [0.55488667786535728, 3.1115613074812853e-239]}
{"cdfstats": [0.066110802429254378, 1.7000040679492523e-06], "linearcdfstats": [0.5551678511435586, 0.0]}
{"cdfstats": [0.092852952577852421, 1.0608640049471857e-16], "linearcdfstats": [0.67314980402291424, 0.0]}
{"cdfstats": [0.073352952577852348, 8.2795153816278463e-13], "linearcdfstats": [0.66823313735624756, 0.0]}
{"cdfstats": [0.053210802429254356, 6.2762684586024611e-08], "linearcdfstats": [0.66468313735624762, 0.0]}
{"cdfstats": [0.041944135762587709, 1.3023781192140105e-05], "linearcdfstats": [0.6766498040229143, 0.0]}
{"cdfstats": [0.059610802429254428, 8.1481580362420416e-12], "linearcdfstats": [0.67434028021339043, 0.0]}
{"cdfstats": [0.10789507688331823, 1.0497116135741249e-39], "linearcdfstats": [0.67954516087349792, 0.0]}
