{"cdfstats": [0.14009923762760046, 1.1956968257087746e-15], "linearcdfstats": [0.18566080889003755, 3.6812010168516507e-27]}
{"cdfstats": [0.13309923762760045, 4.9577871353261184e-25], "linearcdfstats": [0.17266080889003754, 7.8363714814731276e-42]}
{"cdfstats": [0.11909923762760044, 3.3443236986061022e-27], "linearcdfstats": [0.16199414222337083, 5.7953052000363942e-50]}
{"cdfstats": [0.11084923762760046, 1.0531508468958031e-28], "linearcdfstats": [0.15866080889003753, 2.3301361937952138e-58]}
{"cdfstats": [0.12429923762760042, 2.2747584649773546e-41], "linearcdfstats": [0.1710608088900375, 5.698320799129769e-78]}
{"cdfstats": [0.13176590429426716, 1.3141094194557372e-51], "linearcdfstats": [0.18149414222337079, 1.571949614174959e-97]}
{"cdfstats": [0.13967066619902901, 5.9129046552052184e-63], "linearcdfstats": [0.17694652317575177, 8.7485461215359515e-101]}
{"cdfstats": [0.11706938880992379, 1.1405833712801331e-46], "linearcdfstats": [0.1739242796226903, 1.7114289386859594e-102]}
