{"cdfstats": [0.20155989145884479, 6.1803867842884541e-32], "linearcdfstats": [0.22455989145884475, 1.5470527065782252e-39]}
{"cdfstats": [0.20905989145884479, 3.941913693566809e-61], "linearcdfstats": [0.23955989145884476, 3.8984724527650582e-80]}
{"cdfstats": [0.19855989145884478, 7.5059242766718906e-75], "linearcdfstats": [0.23489322479217811, 1.3994529618049382e-104]}
{"cdfstats": [0.20455989145884479, 9.9918838908990552e-97], "linearcdfstats": [0.23730989145884479, 4.9612241554014542e-130]}
{"cdfstats": [0.20895989145884475, 3.8774612251491574e-116], "linearcdfstats": [0.23195989145884477, 5.1756227777430116e-143]}
{"cdfstats": [0.19122655812551143, 3.1839570716311261e-108], "linearcdfstats": [0.22705989145884475, 2.0792055623683605e-152]}
{"cdfstats": [0.19741703431598762, 2.3887559918120103e-125], "linearcdfstats": [0.22370274860170192, 7.8883967395651135e-161]}
{"cdfstats": [0.19485721669466333, 1.5339017703581828e-128], "linearcdfstats": [0.20299780333376402, 1.8096948841694924e-139]}
