{"cdfstats": [0.036438816384545825, 6.6197461481425857e-05], "linearcdfstats": [0.1016927251582892, 2.5543923258995566e-35]}
