{"cdfstats": [0.15310107646585225, 3.3330573743378042e-18], "linearcdfstats": [0.179541516329215, 7.1129366946549285e-25]}
{"cdfstats": [0.13905068810485399, 9.3212033870802908e-27], "linearcdfstats": [0.17828509293030059, 1.032158043261183e-43]}
{"cdfstats": [0.12801142927094189, 8.3021422142936302e-31], "linearcdfstats": [0.17323554160218768, 4.5770723654785009e-56]}
{"cdfstats": [0.14147571702604755, 9.6863404914881239e-46], "linearcdfstats": [0.17725997760482648, 1.45739292362347e-71]}
{"cdfstats": [0.14081794519973889, 3.4358970086654985e-52], "linearcdfstats": [0.18356901814269477, 2.1587829029388625e-88]}
{"cdfstats": [0.14110091875580222, 2.6709242865739376e-58], "linearcdfstats": [0.19554120090911487, 1.4211826930512172e-111]}
{"cdfstats": [0.14408098705551986, 4.1908127889239988e-66], "linearcdfstats": [0.18044865819403744, 1.9129332060971525e-103]}
{"cdfstats": [0.12396308188366389, 1.0682613988672479e-51], "linearcdfstats": [0.16377743544885515, 6.373929464463551e-90]}
