{"cdfstats": [0.33768692099660513, 4.1745424337927726e-179], "linearcdfstats": [0.33743100868864717, 7.786248001038116e-179]}
{"cdfstats": [0.17005213188330742, 1.9005657323965126e-82], "linearcdfstats": [0.37792604580240519, 0.0]}
{"cdfstats": [0.10308245583750497, 9.6689234108117455e-42], "linearcdfstats": [0.47072570343518039, 0.0]}
{"cdfstats": [0.10539935410552959, 1.8490874124803996e-53], "linearcdfstats": [0.47947570343518037, 0.0]}
{"cdfstats": [0.10846300132343634, 1.7461479665382737e-65], "linearcdfstats": [0.4832257034351804, 0.0]}
{"cdfstats": [0.21416669543702171, 4.7974948778447643e-284], "linearcdfstats": [0.53559721502963353, 0.0]}
{"cdfstats": [0.24498602993760943, 0.0], "linearcdfstats": [0.56095435788677639, 0.0]}
{"cdfstats": [0.25011859859600671, 0.0], "linearcdfstats": [0.57900495928994755, 0.0]}
{"cdfstats": [0.25634386328327285, 0.0], "linearcdfstats": [0.57805397318602902, 0.0]}
