{"cdfstats": [0.3639601818286437, 5.4327744782897572e-208], "linearcdfstats": [0.36846018182864376, 3.7205177320822626e-213]}
{"cdfstats": [0.18508944703377644, 1.3535006072828167e-97], "linearcdfstats": [0.18558805167155767, 4.0479142605878894e-98]}
{"cdfstats": [0.11378111513896083, 9.2097042601595065e-51], "linearcdfstats": [0.11552364923183156, 2.5742149319048685e-52]}
{"cdfstats": [0.12397061108234075, 8.5380835136204233e-74], "linearcdfstats": [0.10572061108234065, 8.7734274703984246e-54]}
{"cdfstats": [0.11532459865354738, 5.625711670660393e-74], "linearcdfstats": [0.11243805167155763, 2.4323103962235037e-70]}
{"cdfstats": [0.076710498302549057, 8.2098418411185311e-37], "linearcdfstats": [0.074490045457160925, 9.7799691590209571e-35]}
{"cdfstats": [0.038831566011524599, 1.3110664414068683e-10], "linearcdfstats": [0.083666917379760453, 1.0619772661080083e-47]}
{"cdfstats": [0.023093003768916515, 0.00027041139498832728], "linearcdfstats": [0.09830310288278965, 1.5565828122267868e-70]}
{"cdfstats": [0.028310029345762128, 1.722688891103978e-06], "linearcdfstats": [0.11456355371425281, 9.6041863383644504e-100]}
