{"cdfstats": [0.34086480810173198, 1.7448218554190265e-182], "linearcdfstats": [0.42824466309914266, 8.6496785106776174e-288]}
{"cdfstats": [0.16981909200759537, 3.1881267285367568e-82], "linearcdfstats": [0.55345967834743082, 0.0]}
{"cdfstats": [0.095108550549513726, 1.3491803957599087e-35], "linearcdfstats": [0.50668795672938605, 0.0]}
{"cdfstats": [0.066924384314402452, 8.299529456630862e-22], "linearcdfstats": [0.52502129006271936, 0.0]}
{"cdfstats": [0.095980982795327741, 2.2622932637117841e-51], "linearcdfstats": [0.58582129006271944, 0.0]}
{"cdfstats": [0.065522786121180787, 5.6740271174799323e-27], "linearcdfstats": [0.6196030410265263, 0.0]}
{"cdfstats": [0.084118357130526955, 3.2702311261715436e-48], "linearcdfstats": [0.57951970769319305, 0.0]}
{"cdfstats": [0.10095764284481268, 2.2628865502415319e-74], "linearcdfstats": [0.58560382142240641, 0.0]}
{"cdfstats": [0.095287415846711521, 3.9158441578979482e-69], "linearcdfstats": [0.60964382300477582, 0.0]}
