{"cdfstats": [0.49485350135220674, 0.0], "linearcdfstats": [0.50610941366016449, 0.0]}
{"cdfstats": [0.50260350135220666, 0.0], "linearcdfstats": [0.49885941366016456, 0.0]}
{"cdfstats": [0.50718683468554004, 0.0], "linearcdfstats": [0.50594274699349784, 0.0]}
{"cdfstats": [0.53085350135220666, 0.0], "linearcdfstats": [0.52935941366016448, 0.0]}
{"cdfstats": [0.51945350135220669, 0.0], "linearcdfstats": [0.52170941366016454, 0.0]}
{"cdfstats": [0.51918683468554006, 0.0], "linearcdfstats": [0.5204427469934978, 0.0]}
{"cdfstats": [0.52406778706649237, 0.0], "linearcdfstats": [0.52382369937445028, 0.0]}
{"cdfstats": [0.50822850135220665, 0.0], "linearcdfstats": [0.50635941366016457, 0.0]}
{"cdfstats": [0.50319350940790608, 0.0], "linearcdfstats": [0.49887795615397895, 0.0]}
