{"cdfstats": [0.49785350135220674, 0.0], "linearcdfstats": [0.49110941366016453, 0.0]}
{"cdfstats": [0.48735350135220668, 0.0], "linearcdfstats": [0.4863594136601645, 0.0]}
{"cdfstats": [0.49785350135220674, 0.0], "linearcdfstats": [0.48910941366016453, 0.0]}
{"cdfstats": [0.49385350135220674, 0.0], "linearcdfstats": [0.48723441366016457, 0.0]}
{"cdfstats": [0.49365350135220665, 0.0], "linearcdfstats": [0.49330941366016451, 0.0]}
{"cdfstats": [0.48652016801887332, 0.0], "linearcdfstats": [0.49119274699349785, 0.0]}
{"cdfstats": [0.49635350135220668, 0.0], "linearcdfstats": [0.49268084223159309, 0.0]}
{"cdfstats": [0.49354100135220669, 0.0], "linearcdfstats": [0.49192191366016452, 0.0]}
{"cdfstats": [0.45434144657345077, 0.0], "linearcdfstats": [0.45474423154381721, 0.0]}
