{"cdfstats": [0.071350480464928978, 5.9846130732608907e-39], "linearcdfstats": [0.18332470222682551, 9.5859919879776288e-255]}
