{"cdfstats": [0.49778682576085848, 0.0], "linearcdfstats": [0.5001808422315932, 0.0]}
{"cdfstats": [0.49810751818464738, 0.0], "linearcdfstats": [0.48476740675818497, 0.0]}
{"cdfstats": [0.48850838064496427, 0.0], "linearcdfstats": [0.48932447656393879, 0.0]}
{"cdfstats": [0.49006676622537426, 0.0], "linearcdfstats": [0.48937047447872889, 0.0]}
{"cdfstats": [0.49208798214637905, 0.0], "linearcdfstats": [0.4923479630838104, 0.0]}
{"cdfstats": [0.49419185129242282, 0.0], "linearcdfstats": [0.49527483358536001, 0.0]}
{"cdfstats": [0.49774612095434573, 0.0], "linearcdfstats": [0.49364948651990953, 0.0]}
{"cdfstats": [0.49071038140716228, 0.0], "linearcdfstats": [0.49064549679161934, 0.0]}
{"cdfstats": [0.44943733598347668, 0.0], "linearcdfstats": [0.45194929060127204, 0.0]}
