{"cdfstats": [0.18424535358766325, 1.2870963965384235e-53], "linearcdfstats": [0.46344907647160366, 0.0]}
{"cdfstats": [0.17848442085275329, 8.7664509131973551e-91], "linearcdfstats": [0.67092604580240511, 0.0]}
{"cdfstats": [0.19714517521146202, 1.522687457549896e-151], "linearcdfstats": [0.69589237010184712, 0.0]}
{"cdfstats": [0.19343864002531796, 4.6392445825165588e-179], "linearcdfstats": [0.70360070343518033, 0.0]}
{"cdfstats": [0.19340841245180962, 2.7067788449071032e-207], "linearcdfstats": [0.70122570343518031, 0.0]}
{"cdfstats": [0.31441578917083834, 0.0], "linearcdfstats": [0.73651388169630017, 0.0]}
{"cdfstats": [0.33187193903972773, 0.0], "linearcdfstats": [0.75102578645820495, 0.0]}
{"cdfstats": [0.33509271966166065, 0.0], "linearcdfstats": [0.76762995928994759, 0.0]}
{"cdfstats": [0.33833937510788881, 0.0], "linearcdfstats": [0.76270211174405889, 0.0]}
