{"cdfstats": [0.33565331722193448, 5.837299977574308e-177], "linearcdfstats": [0.34565331722193449, 1.2320865509531183e-187]}
{"cdfstats": [0.20086480810173196, 7.2755364165195977e-115], "linearcdfstats": [0.20846793543932329, 1.0824447795738983e-123]}
{"cdfstats": [0.12042312561137003, 8.2387433823425281e-57], "linearcdfstats": [0.18990376316243743, 1.2030825714036121e-140]}
{"cdfstats": [0.098954269520685867, 3.5861779675817566e-47], "linearcdfstats": [0.20601535617699523, 4.8185574289672257e-203]}
{"cdfstats": [0.095999384314402414, 2.162778597275903e-51], "linearcdfstats": [0.20771332067437714, 5.0106635389590782e-239]}
{"cdfstats": [0.053663991023649271, 3.1166962049347886e-18], "linearcdfstats": [0.23000771045514701, 0.0]}
{"cdfstats": [0.056672046723056563, 4.0827896821528912e-22], "linearcdfstats": [0.24269648097457519, 0.0]}
{"cdfstats": [0.055806141751539223, 5.087982719861617e-23], "linearcdfstats": [0.24773033546233961, 0.0]}
{"cdfstats": [0.052189424017492381, 4.8962822654593965e-21], "linearcdfstats": [0.24339720352149147, 0.0]}
