{"cdfstats": [0.33988719143794244, 1.9255866391311678e-181], "linearcdfstats": [0.47974466309914265, 0.0]}
{"cdfstats": [0.139701104781633, 8.8060497586104682e-56], "linearcdfstats": [0.70145967834743073, 0.0]}
{"cdfstats": [0.10287297888255942, 1.422738419904651e-41], "linearcdfstats": [0.63635462339605275, 0.0]}
{"cdfstats": [0.093539645549226114, 3.3919441279592446e-42], "linearcdfstats": [0.6471462900627194, 0.0]}
{"cdfstats": [0.086339645549226018, 1.1903701470862199e-41], "linearcdfstats": [0.6355212900627194, 0.0]}
{"cdfstats": [0.049294824213130806, 1.8849403428616029e-15], "linearcdfstats": [0.67643637435985959, 0.0]}
{"cdfstats": [0.05809156370989621, 3.2416505329937906e-23], "linearcdfstats": [0.68030542197890731, 0.0]}
{"cdfstats": [0.090494663099142669, 7.7203037516767937e-60], "linearcdfstats": [0.69894741857989517, 0.0]}
{"cdfstats": [0.078888313481788375, 1.6118570645749424e-47], "linearcdfstats": [0.69814143506530868, 0.0]}
