{"cdfstats": [0.59598167328384832, 0.0], "linearcdfstats": [0.59314431210081131, 0.0]}
{"cdfstats": [0.63298167328384825, 0.0], "linearcdfstats": [0.63289431210081137, 0.0]}
{"cdfstats": [0.60848167328384828, 0.0], "linearcdfstats": [0.60031097876747797, 0.0]}
{"cdfstats": [0.59373167328384835, 0.0], "linearcdfstats": [0.57976931210081128, 0.0]}
{"cdfstats": [0.61448167328384828, 0.0], "linearcdfstats": [0.61014431210081133, 0.0]}
{"cdfstats": [0.64648167328384831, 0.0], "linearcdfstats": [0.64697764543414471, 0.0]}
{"cdfstats": [0.62105310185527685, 0.0], "linearcdfstats": [0.62035859781509706, 0.0]}
{"cdfstats": [0.61235667328384824, 0.0], "linearcdfstats": [0.60545681210081137, 0.0]}
{"cdfstats": [0.63732090453996204, 0.0], "linearcdfstats": [0.62788422809137467, 0.0]}
