{"cdfstats": [0.50350693365556132, 0.0], "linearcdfstats": [0.50170530525346679, 0.0]}
{"cdfstats": [0.50275693365556129, 0.0], "linearcdfstats": [0.49770530525346679, 0.0]}
{"cdfstats": [0.50300693365556126, 0.0], "linearcdfstats": [0.51137197192013351, 0.0]}
{"cdfstats": [0.50463193365556125, 0.0], "linearcdfstats": [0.50070530525346679, 0.0]}
{"cdfstats": [0.51330693365556135, 0.0], "linearcdfstats": [0.51110530525346687, 0.0]}
{"cdfstats": [0.51200693365556127, 0.0], "linearcdfstats": [0.51612197192013354, 0.0]}
{"cdfstats": [0.51072121936984705, 0.0], "linearcdfstats": [0.51077673382489541, 0.0]}
{"cdfstats": [0.50813193365556131, 0.0], "linearcdfstats": [0.50558030525346687, 0.0]}
{"cdfstats": [0.46481385580298062, 0.0], "linearcdfstats": [0.46533172219345187, 0.0]}
