{"cdfstats": [0.11151389608147766, 1.5840207442546938e-94], "linearcdfstats": [0.3509983313194085, 0.0]}
