{"cdfstats": [0.47467942813237851, 0.0], "linearcdfstats": [0.48954445406679847, 0.0]}
{"cdfstats": [0.48941013007448375, 0.0], "linearcdfstats": [0.47827939409164011, 0.0]}
{"cdfstats": [0.47751780534535671, 0.0], "linearcdfstats": [0.47540073217482148, 0.0]}
{"cdfstats": [0.4858787628341027, 0.0], "linearcdfstats": [0.4844616557551914, 0.0]}
{"cdfstats": [0.48847001209672136, 0.0], "linearcdfstats": [0.48169757384668566, 0.0]}
{"cdfstats": [0.48119298910454467, 0.0], "linearcdfstats": [0.47557574092525901, 0.0]}
{"cdfstats": [0.48687069930071225, 0.0], "linearcdfstats": [0.48110351300125509, 0.0]}
{"cdfstats": [0.48574751201378508, 0.0], "linearcdfstats": [0.48111475983709195, 0.0]}
{"cdfstats": [0.44135828237853625, 0.0], "linearcdfstats": [0.44059280082922614, 0.0]}
