{"cdfstats": [0.056896885902571387, 0.006168785491431219], "linearcdfstats": [0.10462953870009045, 6.4598522364234272e-09]}
{"cdfstats": [0.067396885902571396, 9.8166911312408052e-07], "linearcdfstats": [0.13392402119136843, 2.4512716182656854e-25]}
{"cdfstats": [0.063563552569238069, 4.7205710160025137e-08], "linearcdfstats": [0.15229620536675711, 3.2870859858407807e-44]}
{"cdfstats": [0.068396885902571397, 3.4259906728685267e-11], "linearcdfstats": [0.1356740211913684, 8.6736462321365575e-43]}
{"cdfstats": [0.066296885902571406, 4.501099273169662e-12], "linearcdfstats": [0.13712402119136841, 2.9656216157026392e-50]}
{"cdfstats": [0.055063552569238061, 2.306617413328245e-09], "linearcdfstats": [0.12859068785803507, 3.5944852637959701e-49]}
{"cdfstats": [0.052182600188285688, 3.7397442859328965e-09], "linearcdfstats": [0.14449544976279699, 2.3832305347043023e-67]}
{"cdfstats": [0.063186458198733697, 6.7535899920576589e-14], "linearcdfstats": [0.14911487272257401, 1.8853453860945108e-75]}
