{"cdfstats": [0.15932885385708748, 4.0905083289120277e-20], "linearcdfstats": [0.16728983072748416, 3.9359293159168325e-22]}
{"cdfstats": [0.11289688590257141, 3.9621657705687636e-18], "linearcdfstats": [0.19439081276650727, 6.5438962199275761e-53]}
{"cdfstats": [0.12689688590257139, 8.003588971677617e-31], "linearcdfstats": [0.22832747555670418, 7.7139620160393036e-99]}
{"cdfstats": [0.12364688590257139, 1.306172458144951e-35], "linearcdfstats": [0.19343865486496969, 1.5352315060442698e-86]}
{"cdfstats": [0.1036968859025714, 6.381272759329836e-29], "linearcdfstats": [0.19149081276650726, 1.3396670364834647e-97]}
{"cdfstats": [0.11973021923590474, 1.1009049242502859e-42], "linearcdfstats": [0.18505747943317397, 2.2183593050915597e-101]}
{"cdfstats": [0.12718260018828567, 2.8411935382733468e-52], "linearcdfstats": [0.19831938419507866, 1.7122691574860415e-126]}
{"cdfstats": [0.11758625145367618, 4.4451963657957637e-47], "linearcdfstats": [0.20209329370719731, 3.1184103380040986e-138]}
