{"cdfstats": [0.072052978420984681, 0.00018809473211934175], "linearcdfstats": [0.62389882413748543, 2.4954208360518622e-302]}
{"cdfstats": [0.073099237627600511, 7.5718075661692554e-08], "linearcdfstats": [0.65448313735624764, 0.0]}
{"cdfstats": [0.0628527802903045, 6.9761047579375959e-08], "linearcdfstats": [0.65481647068958093, 0.0]}
{"cdfstats": [0.12011080242925443, 1.2580098386133469e-33], "linearcdfstats": [0.54755805013567649, 0.0]}
{"cdfstats": [0.087810802429254431, 7.3650958820020062e-21], "linearcdfstats": [0.53770805013567635, 0.0]}
{"cdfstats": [0.097444135762587702, 2.0395948300343194e-28], "linearcdfstats": [0.55580805013567636, 0.0]}
{"cdfstats": [0.085325088143540118, 9.2266478662272102e-24], "linearcdfstats": [0.55373662156424786, 0.0]}
{"cdfstats": [0.080630572425377967, 2.3149072533058456e-22], "linearcdfstats": [0.66080889003747256, 0.0]}
