{"cdfstats": [0.17287814963173537, 1.3202264945851143e-23], "linearcdfstats": [0.21698423568936553, 6.0798356656417673e-37]}
{"cdfstats": [0.16787814963173536, 1.4330651638278282e-39], "linearcdfstats": [0.20916080889003752, 3.4441780570015298e-61]}
{"cdfstats": [0.15954481629840206, 1.7773116138645423e-48], "linearcdfstats": [0.20799414222337087, 4.314806251978528e-82]}
{"cdfstats": [0.15987814963173536, 2.9851594181668677e-59], "linearcdfstats": [0.20241080889003749, 1.0291546270703765e-94]}
{"cdfstats": [0.16467814963173538, 2.7199578437292428e-72], "linearcdfstats": [0.1992608088900375, 1.205237724276192e-105]}
{"cdfstats": [0.1518781496317354, 2.002726094971649e-68], "linearcdfstats": [0.20066080889003746, 4.0184018706618255e-119]}
{"cdfstats": [0.17302100677459253, 2.2152763318664505e-96], "linearcdfstats": [0.21466080889003747, 3.9977400926428504e-148]}
{"cdfstats": [0.14937330404445021, 1.0354076370662216e-75], "linearcdfstats": [0.20183486238532111, 7.0170687084575144e-138]}
