{"cdfstats": [0.18562689838048413, 3.9748776058641571e-27], "linearcdfstats": [0.17603984653991112, 1.9329459999453364e-24]}
{"cdfstats": [0.17724833472428164, 4.8066235729320541e-44], "linearcdfstats": [0.2038871871651034, 3.8498193794024026e-58]}
{"cdfstats": [0.16721148296506871, 3.3170819394686621e-53], "linearcdfstats": [0.20031756902269887, 3.5638699681822336e-76]}
{"cdfstats": [0.18231450872150784, 6.5832101087485792e-77], "linearcdfstats": [0.20643634871762259, 1.7413970307587301e-98]}
{"cdfstats": [0.17427814963173538, 6.4765803682149577e-81], "linearcdfstats": [0.19898423568936552, 2.3602595383450645e-105]}
{"cdfstats": [0.16637814963173536, 4.9870429166472993e-82], "linearcdfstats": [0.19504481629840204, 1.429352044144077e-112]}
{"cdfstats": [0.16902100677459253, 5.3809279705067206e-92], "linearcdfstats": [0.20184137854650838, 5.2011138465283526e-131]}
{"cdfstats": [0.15234526424602662, 9.7611804270138462e-79], "linearcdfstats": [0.19692466726967306, 2.8362826568900251e-131]}
