{"cdfstats": [0.04845587285178965, 2.3908903996143292e-08], "linearcdfstats": [0.13257526812249643, 9.9043403273231235e-60]}
