{"cdfstats": [0.14410900189520759, 4.6156890111269602e-16], "linearcdfstats": [0.19869413343528053, 3.7591699501578923e-30]}
{"cdfstats": [0.13200571754257862, 5.311794346196845e-24], "linearcdfstats": [0.15499148078142422, 6.3103590176275867e-33]}
{"cdfstats": [0.12625344866272475, 8.2490999903452892e-30], "linearcdfstats": [0.17591450347647103, 1.7926262376867896e-57]}
{"cdfstats": [0.12347858575963289, 9.3352998089398812e-35], "linearcdfstats": [0.17140764602788727, 1.399868186447245e-66]}
{"cdfstats": [0.1277262888594467, 8.4736423476217397e-43], "linearcdfstats": [0.17043991709471917, 7.0634184363088747e-76]}
{"cdfstats": [0.12024734628288203, 2.8953397000310908e-42], "linearcdfstats": [0.16575260199524472, 6.3584869601813554e-80]}
{"cdfstats": [0.12943824988813324, 3.317374716637983e-53], "linearcdfstats": [0.15974769640751851, 8.1017607912440502e-81]}
{"cdfstats": [0.11717272006121038, 4.576577434217049e-46], "linearcdfstats": [0.1639427868895964, 8.987422947543049e-90]}
