{"cdfstats": [0.35619667414695899, 3.1305170454447051e-199], "linearcdfstats": [0.36295992289544854, 7.4876687288605674e-207]}
{"cdfstats": [0.1884801772253869, 3.4567586212174278e-101], "linearcdfstats": [0.20281556763910469, 4.2486392909401534e-117]}
{"cdfstats": [0.11200391276828348, 3.3452944896591966e-49], "linearcdfstats": [0.28355903676851368, 4.6773551632481042e-313]}
{"cdfstats": [0.098178548823292466, 1.9260446311151037e-46], "linearcdfstats": [0.30447570343518038, 0.0]}
{"cdfstats": [0.10087550491973063, 1.0618491512526608e-56], "linearcdfstats": [0.29952570343518037, 0.0]}
{"cdfstats": [0.13976460095517573, 3.2511035328012224e-121], "linearcdfstats": [0.35926388169630019, 0.0]}
{"cdfstats": [0.1554787756980921, 1.1128181154052683e-163], "linearcdfstats": [0.40088292931534775, 0.0]}
{"cdfstats": [0.18167360391852239, 7.0311576240490763e-240], "linearcdfstats": [0.41875495928994766, 0.0]}
{"cdfstats": [0.18039012601415505, 1.1442531208866386e-246], "linearcdfstats": [0.42206110823407561, 0.0]}
