{"cdfstats": [0.34497281201450036, 6.71516608197063e-187], "linearcdfstats": [0.34315331722193454, 6.1505475202431683e-185]}
{"cdfstats": [0.17616791817711031, 1.875315259832395e-88], "linearcdfstats": [0.18379482421313076, 3.0621401979041315e-96]}
{"cdfstats": [0.095009407906093579, 1.5971927266183439e-35], "linearcdfstats": [0.15882455837505038, 1.6635692399913597e-98]}
{"cdfstats": [0.077491455204557247, 4.3026418399390327e-29], "linearcdfstats": [0.24110942085275333, 5.9241405518141731e-278]}
{"cdfstats": [0.089204114160768788, 1.9717848033333428e-44], "linearcdfstats": [0.15713649231831517, 5.611474224399366e-137]}
{"cdfstats": [0.055403317221934478, 2.092501463323084e-19], "linearcdfstats": [0.24638382530640424, 0.0]}
{"cdfstats": [0.023194742423121473, 0.00046528715630368619], "linearcdfstats": [0.26473382900544995, 0.0]}
{"cdfstats": [0.031744720639852675, 9.7712766841941427e-08], "linearcdfstats": [0.28704086109672594, 0.0]}
{"cdfstats": [0.032625582599689285, 1.7629627350397979e-08], "linearcdfstats": [0.28131653144599805, 0.0]}
