{"cdfstats": [0.35144835721272805, 5.7634162412655723e-194], "linearcdfstats": [0.33574466309914269, 4.6785720504985332e-177]}
{"cdfstats": [0.18465121698601761, 3.8998147628658353e-97], "linearcdfstats": [0.49670967834743074, 0.0]}
{"cdfstats": [0.10048227746130389, 1.1051055239825991e-39], "linearcdfstats": [0.53118795672938601, 0.0]}
{"cdfstats": [0.097887579837735217, 3.605927220983612e-46], "linearcdfstats": [0.53439629006271949, 0.0]}
{"cdfstats": [0.1134248115541745, 1.4239067667818805e-71], "linearcdfstats": [0.51952129006271941, 0.0]}
{"cdfstats": [0.061641478220841206, 6.3948853871943061e-24], "linearcdfstats": [0.51626970769319303, 0.0]}
{"cdfstats": [0.035324126819724966, 7.4845204511335309e-09], "linearcdfstats": [0.49694827912176442, 0.0]}
{"cdfstats": [0.038824889234133186, 2.3175025643013313e-11], "linearcdfstats": [0.53949783503078419, 0.0]}
{"cdfstats": [0.035502618102307371, 5.7944101833272867e-10], "linearcdfstats": [0.52580700845848438, 0.0]}
