{"cdfstats": [0.47385350135220672, 0.0], "linearcdfstats": [0.47510941366016451, 0.0]}
{"cdfstats": [0.4478535013522067, 0.0], "linearcdfstats": [0.4531094136601645, 0.0]}
{"cdfstats": [0.47568683468554007, 0.0], "linearcdfstats": [0.48060941366016457, 0.0]}
{"cdfstats": [0.47097850135220665, 0.0], "linearcdfstats": [0.46695530525346685, 0.0]}
{"cdfstats": [0.48555350135220665, 0.0], "linearcdfstats": [0.48920941366016452, 0.0]}
{"cdfstats": [0.4837701680188734, 0.0], "linearcdfstats": [0.48319274699349785, 0.0]}
{"cdfstats": [0.47049635849506388, 0.0], "linearcdfstats": [0.46253798508873595, 0.0]}
{"cdfstats": [0.48347850135220671, 0.0], "linearcdfstats": [0.47923441366016456, 0.0]}
{"cdfstats": [0.48650670349272107, 0.0], "linearcdfstats": [0.49007422751596758, 0.0]}
