{"cdfstats": [0.34648098279532769, 1.5596195690435831e-188], "linearcdfstats": [0.34815176362276312, 2.3685205018418706e-190]}
{"cdfstats": [0.34335814776454343, 0.0], "linearcdfstats": [0.34990176362276315, 0.0]}
{"cdfstats": [0.34877481443121006, 0.0], "linearcdfstats": [0.34915176362276312, 0.0]}
{"cdfstats": [0.35010814776454346, 0.0], "linearcdfstats": [0.34402676362276308, 0.0]}
{"cdfstats": [0.35150814776454342, 0.0], "linearcdfstats": [0.34845176362276309, 0.0]}
{"cdfstats": [0.35252481443121009, 0.0], "linearcdfstats": [0.34623509695609644, 0.0]}
{"cdfstats": [0.34882243347882913, 0.0], "linearcdfstats": [0.35065176362276307, 0.0]}
{"cdfstats": [0.35085814776454349, 0.0], "linearcdfstats": [0.34777676362276311, 0.0]}
{"cdfstats": [0.32199781345301803, 0.0], "linearcdfstats": [0.3194084815006617, 0.0]}
