{"cdfstats": [0.016801887335289756, 0.014614102213757999], "linearcdfstats": [0.099660509810691078, 1.3853505954469542e-75]}
