{"cdfstats": [0.3887539297689479, 4.0901135379320642e-235], "linearcdfstats": [0.38329410103102496, 1.4374747471260196e-228]}
{"cdfstats": [0.3647640307790489, 0.0], "linearcdfstats": [0.38127389901082293, 0.0]}
{"cdfstats": [0.3909450102614267, 0.0], "linearcdfstats": [0.37689679463371856, 0.0]}
{"cdfstats": [0.37848683625483209, 0.0], "linearcdfstats": [0.38354662628355013, 0.0]}
{"cdfstats": [0.38339212947705953, 0.0], "linearcdfstats": [0.37743551517243906, 0.0]}
{"cdfstats": [0.38447683471600308, 0.0], "linearcdfstats": [0.38389649735347847, 0.0]}
{"cdfstats": [0.38614625272674413, 0.0], "linearcdfstats": [0.378471726794467, 0.0]}
{"cdfstats": [0.38868042050551849, 0.0], "linearcdfstats": [0.38874409632441992, 0.0]}
{"cdfstats": [0.35299740986608658, 0.0], "linearcdfstats": [0.34715923318883996, 0.0]}
