{"cdfstats": [0.046054012146272139, 0.045288643471416326], "linearcdfstats": [0.11701718568290476, 4.7935748410923585e-11]}
{"cdfstats": [0.060786406512469304, 1.4753417255884047e-05], "linearcdfstats": [0.11551718568290475, 5.8429206146024682e-19]}
{"cdfstats": [0.04045307317913599, 0.0016287529163878764], "linearcdfstats": [0.1252793211870612, 4.7131413829544068e-30]}
{"cdfstats": [0.052286406512469297, 1.0216767817712303e-06], "linearcdfstats": [0.11551718568290475, 3.8965561226561824e-31]}
{"cdfstats": [0.044928853857087475, 8.9460355330233116e-06], "linearcdfstats": [0.11081718568290475, 5.7175037482520133e-33]}
{"cdfstats": [0.046286406512469291, 9.6678592549634212e-07], "linearcdfstats": [0.11601718568290476, 4.1895697800199092e-40]}
{"cdfstats": [0.048500692226755016, 5.7687101389651238e-08], "linearcdfstats": [0.12030289996861904, 8.1466326142462807e-47]}
{"cdfstats": [0.040832148856441403, 4.7357190314496173e-06], "linearcdfstats": [0.11500193823491406, 4.7428932993318452e-45]}
