{"cdfstats": [0.061155963302752303, 0.0025132091031129893], "linearcdfstats": [0.24006964724124558, 3.9835750474689986e-45]}
{"cdfstats": [0.050561248223284672, 0.00056269540540838893], "linearcdfstats": [0.31255297842098467, 4.1284524249832884e-136]}
{"cdfstats": [0.073061248223284636, 1.6766380823957595e-10], "linearcdfstats": [0.3116394452340957, 9.2574784448868559e-184]}
{"cdfstats": [0.053311248223284702, 5.7577699211299296e-07], "linearcdfstats": [0.32551944695697121, 2.7434689107296772e-244]}
{"cdfstats": [0.040634164620752034, 8.4224032591323139e-05], "linearcdfstats": [0.30805297842098467, 6.6074893553933486e-252]}
{"cdfstats": [0.043587112891415813, 5.0174046017910759e-06], "linearcdfstats": [0.31805297842098468, 1.2503276234139365e-298]}
{"cdfstats": [0.048775533937570392, 4.7356808574353464e-08], "linearcdfstats": [0.3183765898141141, 0.0]}
{"cdfstats": [0.0440625403798941, 5.6239492589443547e-07], "linearcdfstats": [0.31709523194211142, 0.0]}
