{"cdfstats": [0.053155963302752296, 0.012868127247777174], "linearcdfstats": [0.55489882413748548, 3.0375497607327988e-239]}
{"cdfstats": [0.055928220700348877, 9.0459587474524047e-05], "linearcdfstats": [0.48539843649050268, 0.0]}
{"cdfstats": [0.046434164620752005, 0.00017015303274497915], "linearcdfstats": [0.47689843649050268, 0.0]}
{"cdfstats": [0.084167851143558625, 9.9405508033880062e-17], "linearcdfstats": [0.57523313735624759, 0.0]}
{"cdfstats": [0.065167851143558608, 1.1134254528111045e-11], "linearcdfstats": [0.56530608605763022, 0.0]}
{"cdfstats": [0.053501184476892005, 7.294487285567177e-09], "linearcdfstats": [0.56977275272429684, 0.0]}
{"cdfstats": [0.052995809720709497, 1.9892226696828329e-09], "linearcdfstats": [0.58039180034334437, 0.0]}
{"cdfstats": [0.053366067967437703, 4.9157248811428775e-10], "linearcdfstats": [0.55472283240728781, 0.0]}
