{"cdfstats": [0.13609923762760046, 8.600115705508823e-15], "linearcdfstats": [0.1256608088900375, 1.1317174988260907e-12]}
{"cdfstats": [0.11609923762760044, 3.7964904648110173e-19], "linearcdfstats": [0.15566080889003753, 4.4306909356775469e-34]}
{"cdfstats": [0.10776590429426713, 2.3873620661152301e-22], "linearcdfstats": [0.15166080889003752, 7.6101648491818198e-44]}
{"cdfstats": [0.095849237627600448, 1.4385319723285402e-21], "linearcdfstats": [0.13516080889003745, 1.811699450102327e-42]}
{"cdfstats": [0.11129923762760041, 2.9748223938636978e-33], "linearcdfstats": [0.14326080889003745, 8.1709405481844117e-55]}
{"cdfstats": [0.11543257096093384, 1.0496591227743642e-39], "linearcdfstats": [0.14332747555670422, 5.5304738299446398e-61]}
{"cdfstats": [0.098956380484743311, 8.1898118319731137e-32], "linearcdfstats": [0.15223223746146608, 1.043830764896801e-74]}
{"cdfstats": [0.12262566223026228, 3.6589883100312112e-51], "linearcdfstats": [0.16100271352887974, 6.8557690467964297e-88]}
