{"cdfstats": [0.2793288538570875, 6.0923609207708828e-61], "linearcdfstats": [0.27530572425377953, 3.2767547884831343e-59]}
{"cdfstats": [0.28480572425377954, 4.3416442805216789e-113], "linearcdfstats": [0.26432885385708749, 1.8019240070702863e-97]}
{"cdfstats": [0.29263905758711289, 4.3701027224385067e-162], "linearcdfstats": [0.26532885385708749, 2.5474330208217749e-133]}
{"cdfstats": [0.28507885385708742, 1.8475644027796293e-187], "linearcdfstats": [0.27030572425377958, 1.4093839433973303e-168]}
{"cdfstats": [0.28192885385708744, 4.6200215718942696e-211], "linearcdfstats": [0.27272885385708745, 1.5397940066287362e-197]}
{"cdfstats": [0.28532885385708751, 2.013580060454253e-240], "linearcdfstats": [0.26047239092044622, 1.9832376433285307e-200]}
{"cdfstats": [0.28502000996806526, 8.1581230098174835e-261], "linearcdfstats": [0.26359143853949385, 3.9202437206816549e-223]}
{"cdfstats": [0.25016151957617261, 1.3881018165640397e-211], "linearcdfstats": [0.24538054012146271, 1.3691163595836756e-203]}
