{"cdfstats": [0.04277038377051301, 1.3447137399268836e-06], "linearcdfstats": [0.13115389585217729, 1.8224694901034942e-58]}
