{"cdfstats": [0.14906964724124561, 2.3463562884209665e-17], "linearcdfstats": [0.17752807803571102, 1.9453473112272966e-24]}
{"cdfstats": [0.17446685354591507, 4.9649874619938889e-42], "linearcdfstats": [0.20537622853767434, 4.4476066621145769e-58]}
{"cdfstats": [0.17478081117997979, 2.8425214242433842e-57], "linearcdfstats": [0.18486002815679992, 5.1066798906157237e-64]}
{"cdfstats": [0.17129580700947344, 4.5281161746303081e-67], "linearcdfstats": [0.18583291489011611, 7.3145003515742388e-79]}
{"cdfstats": [0.17497812152910874, 1.396051683953262e-80], "linearcdfstats": [0.19192580611286314, 7.340783853486329e-97]}
{"cdfstats": [0.15505962790898353, 1.6339860581182962e-70], "linearcdfstats": [0.17881591179486794, 1.2364520107642482e-93]}
{"cdfstats": [0.15940388156915797, 5.0608136084462908e-81], "linearcdfstats": [0.18104403994364526, 2.1662143236798368e-104]}
{"cdfstats": [0.15722312569674846, 4.3978315759511279e-83], "linearcdfstats": [0.16784245664862174, 1.2595868538475183e-94]}
